"filename", "language", "PHP", "XML", "YAML", "CSS", "JavaScript", "JSON with Comments", "Markdown", "JSON", "SCSS", "comment", "blank", "total"
"c:\xampp\htdocs\sistema-venta\README.md", "Markdown", 0, 0, 0, 0, 0, 0, 15, 0, 0, 0, 2, 17
"c:\xampp\htdocs\sistema-venta\app\Console\Kernel.php", "PHP", 15, 0, 0, 0, 0, 0, 0, 0, 0, 7, 6, 28
"c:\xampp\htdocs\sistema-venta\app\Exceptions\Handler.php", "PHP", 21, 0, 0, 0, 0, 0, 0, 0, 0, 21, 7, 49
"c:\xampp\htdocs\sistema-venta\app\Http\Controllers\Auth\ConfirmPasswordController.php", "PHP", 13, 0, 0, 0, 0, 0, 0, 0, 0, 20, 7, 40
"c:\xampp\htdocs\sistema-venta\app\Http\Controllers\Auth\ForgotPasswordController.php", "PHP", 8, 0, 0, 0, 0, 0, 0, 0, 0, 10, 5, 23
"c:\xampp\htdocs\sistema-venta\app\Http\Controllers\Auth\LoginController.php", "PHP", 14, 0, 0, 0, 0, 0, 0, 0, 0, 20, 7, 41
"c:\xampp\htdocs\sistema-venta\app\Http\Controllers\Auth\RegisterController.php", "PHP", 32, 0, 0, 0, 0, 0, 0, 0, 0, 32, 9, 73
"c:\xampp\htdocs\sistema-venta\app\Http\Controllers\Auth\ResetPasswordController.php", "PHP", 9, 0, 0, 0, 0, 0, 0, 0, 0, 15, 6, 30
"c:\xampp\htdocs\sistema-venta\app\Http\Controllers\Auth\VerificationController.php", "PHP", 15, 0, 0, 0, 0, 0, 0, 0, 0, 20, 7, 42
"c:\xampp\htdocs\sistema-venta\app\Http\Controllers\ClienteController.php", "PHP", 112, 0, 0, 0, 0, 0, 0, 0, 0, 27, 25, 164
"c:\xampp\htdocs\sistema-venta\app\Http\Controllers\Controller.php", "PHP", 9, 0, 0, 0, 0, 0, 0, 0, 0, 0, 4, 13
"c:\xampp\htdocs\sistema-venta\app\Http\Controllers\EmpleadoController.php", "PHP", 70, 0, 0, 0, 0, 0, 0, 0, 0, 1, 22, 93
"c:\xampp\htdocs\sistema-venta\app\Http\Controllers\HomeController.php", "PHP", 14, 0, 0, 0, 0, 0, 0, 0, 0, 10, 6, 30
"c:\xampp\htdocs\sistema-venta\app\Http\Controllers\ProductoController.php", "PHP", 70, 0, 0, 0, 0, 0, 0, 0, 0, 22, 14, 106
"c:\xampp\htdocs\sistema-venta\app\Http\Kernel.php", "PHP", 40, 0, 0, 0, 0, 0, 0, 0, 0, 21, 7, 68
"c:\xampp\htdocs\sistema-venta\app\Http\Middleware\Authenticate.php", "PHP", 11, 0, 0, 0, 0, 0, 0, 0, 0, 3, 4, 18
"c:\xampp\htdocs\sistema-venta\app\Http\Middleware\EncryptCookies.php", "PHP", 8, 0, 0, 0, 0, 0, 0, 0, 0, 6, 4, 18
"c:\xampp\htdocs\sistema-venta\app\Http\Middleware\PreventRequestsDuringMaintenance.php", "PHP", 8, 0, 0, 0, 0, 0, 0, 0, 0, 6, 4, 18
"c:\xampp\htdocs\sistema-venta\app\Http\Middleware\RedirectIfAuthenticated.php", "PHP", 20, 0, 0, 0, 0, 0, 0, 0, 0, 5, 6, 31
"c:\xampp\htdocs\sistema-venta\app\Http\Middleware\TrimStrings.php", "PHP", 11, 0, 0, 0, 0, 0, 0, 0, 0, 5, 4, 20
"c:\xampp\htdocs\sistema-venta\app\Http\Middleware\TrustHosts.php", "PHP", 12, 0, 0, 0, 0, 0, 0, 0, 0, 5, 4, 21
"c:\xampp\htdocs\sistema-venta\app\Http\Middleware\TrustProxies.php", "PHP", 14, 0, 0, 0, 0, 0, 0, 0, 0, 10, 5, 29
"c:\xampp\htdocs\sistema-venta\app\Http\Middleware\ValidateSignature.php", "PHP", 8, 0, 0, 0, 0, 0, 0, 0, 0, 11, 4, 23
"c:\xampp\htdocs\sistema-venta\app\Http\Middleware\VerifyCsrfToken.php", "PHP", 8, 0, 0, 0, 0, 0, 0, 0, 0, 6, 4, 18
"c:\xampp\htdocs\sistema-venta\app\Models\Cliente.php", "PHP", 18, 0, 0, 0, 0, 0, 0, 0, 0, 0, 4, 22
"c:\xampp\htdocs\sistema-venta\app\Models\Empleado.php", "PHP", 8, 0, 0, 0, 0, 0, 0, 0, 0, 0, 4, 12
"c:\xampp\htdocs\sistema-venta\app\Models\Producto.php", "PHP", 8, 0, 0, 0, 0, 0, 0, 0, 0, 0, 4, 12
"c:\xampp\htdocs\sistema-venta\app\Models\User.php", "PHP", 22, 0, 0, 0, 0, 0, 0, 0, 0, 16, 7, 45
"c:\xampp\htdocs\sistema-venta\app\Providers\AppServiceProvider.php", "PHP", 14, 0, 0, 0, 0, 0, 0, 0, 0, 7, 5, 26
"c:\xampp\htdocs\sistema-venta\app\Providers\AuthServiceProvider.php", "PHP", 12, 0, 0, 0, 0, 0, 0, 0, 0, 11, 6, 29
"c:\xampp\htdocs\sistema-venta\app\Providers\BroadcastServiceProvider.php", "PHP", 12, 0, 0, 0, 0, 0, 0, 0, 0, 3, 5, 20
"c:\xampp\htdocs\sistema-venta\app\Providers\EventServiceProvider.php", "PHP", 21, 0, 0, 0, 0, 0, 0, 0, 0, 12, 6, 39
"c:\xampp\htdocs\sistema-venta\app\Providers\RouteServiceProvider.php", "PHP", 28, 0, 0, 0, 0, 0, 0, 0, 0, 13, 8, 49
"c:\xampp\htdocs\sistema-venta\azure-pipelines.yml", "YAML", 0, 0, 17, 0, 0, 0, 0, 0, 0, 4, 6, 27
"c:\xampp\htdocs\sistema-venta\bootstrap\app.php", "PHP", 17, 0, 0, 0, 0, 0, 0, 0, 0, 30, 9, 56
"c:\xampp\htdocs\sistema-venta\composer.json", "JSON", 0, 0, 0, 0, 0, 0, 0, 70, 0, 0, 1, 71
"c:\xampp\htdocs\sistema-venta\composer.lock", "JSON", 0, 0, 0, 0, 0, 0, 0, 8367, 0, 0, 1, 8368
"c:\xampp\htdocs\sistema-venta\config\adminlte.php", "PHP", 303, 0, 0, 0, 0, 0, 0, 0, 0, 218, 50, 571
"c:\xampp\htdocs\sistema-venta\config\app.php", "PHP", 48, 0, 0, 0, 0, 0, 0, 0, 0, 134, 35, 217
"c:\xampp\htdocs\sistema-venta\config\auth.php", "PHP", 28, 0, 0, 0, 0, 0, 0, 0, 0, 74, 14, 116
"c:\xampp\htdocs\sistema-venta\config\broadcasting.php", "PHP", 35, 0, 0, 0, 0, 0, 0, 0, 0, 23, 13, 71
"c:\xampp\htdocs\sistema-venta\config\cache.php", "PHP", 58, 0, 0, 0, 0, 0, 0, 0, 0, 34, 19, 111
"c:\xampp\htdocs\sistema-venta\config\cors.php", "PHP", 11, 0, 0, 0, 0, 0, 0, 0, 0, 12, 12, 35
"c:\xampp\htdocs\sistema-venta\config\database.php", "PHP", 83, 0, 0, 0, 0, 0, 0, 0, 0, 47, 22, 152
"c:\xampp\htdocs\sistema-venta\config\filesystems.php", "PHP", 32, 0, 0, 0, 0, 0, 0, 0, 0, 32, 13, 77
"c:\xampp\htdocs\sistema-venta\config\hashing.php", "PHP", 12, 0, 0, 0, 0, 0, 0, 0, 0, 32, 9, 53
"c:\xampp\htdocs\sistema-venta\config\logging.php", "PHP", 70, 0, 0, 0, 0, 0, 0, 0, 0, 34, 19, 123
"c:\xampp\htdocs\sistema-venta\config\mail.php", "PHP", 53, 0, 0, 0, 0, 0, 0, 0, 0, 53, 19, 125
"c:\xampp\htdocs\sistema-venta\config\queue.php", "PHP", 47, 0, 0, 0, 0, 0, 0, 0, 0, 32, 15, 94
"c:\xampp\htdocs\sistema-venta\config\sanctum.php", "PHP", 15, 0, 0, 0, 0, 0, 0, 0, 0, 41, 12, 68
"c:\xampp\htdocs\sistema-venta\config\services.php", "PHP", 17, 0, 0, 0, 0, 0, 0, 0, 0, 11, 7, 35
"c:\xampp\htdocs\sistema-venta\config\session.php", "PHP", 22, 0, 0, 0, 0, 0, 0, 0, 0, 147, 33, 202
"c:\xampp\htdocs\sistema-venta\config\view.php", "PHP", 10, 0, 0, 0, 0, 0, 0, 0, 0, 20, 7, 37
"c:\xampp\htdocs\sistema-venta\database\factories\UserFactory.php", "PHP", 23, 0, 0, 0, 0, 0, 0, 0, 0, 13, 5, 41
"c:\xampp\htdocs\sistema-venta\database\migrations\2014_10_12_000000_create_users_table.php", "PHP", 23, 0, 0, 0, 0, 0, 0, 0, 0, 6, 4, 33
"c:\xampp\htdocs\sistema-venta\database\migrations\2014_10_12_100000_create_password_reset_tokens_table.php", "PHP", 19, 0, 0, 0, 0, 0, 0, 0, 0, 6, 4, 29
"c:\xampp\htdocs\sistema-venta\database\migrations\2014_10_12_100000_create_password_resets_table.php", "PHP", 19, 0, 0, 0, 0, 0, 0, 0, 0, 10, 4, 33
"c:\xampp\htdocs\sistema-venta\database\migrations\2019_08_19_000000_create_failed_jobs_table.php", "PHP", 23, 0, 0, 0, 0, 0, 0, 0, 0, 6, 4, 33
"c:\xampp\htdocs\sistema-venta\database\migrations\2019_12_14_000001_create_personal_access_tokens_table.php", "PHP", 24, 0, 0, 0, 0, 0, 0, 0, 0, 6, 4, 34
"c:\xampp\htdocs\sistema-venta\database\migrations\2024_06_21_152120_create_empleados_table.php", "PHP", 25, 0, 0, 0, 0, 0, 0, 0, 0, 6, 4, 35
"c:\xampp\htdocs\sistema-venta\database\migrations\2024_06_21_204711_create_clientes_table.php", "PHP", 26, 0, 0, 0, 0, 0, 0, 0, 0, 6, 4, 36
"c:\xampp\htdocs\sistema-venta\database\migrations\2024_06_22_021228_create_productos_table.php", "PHP", 25, 0, 0, 0, 0, 0, 0, 0, 0, 6, 4, 35
"c:\xampp\htdocs\sistema-venta\database\seeders\DatabaseSeeder.php", "PHP", 9, 0, 0, 0, 0, 0, 0, 0, 0, 9, 5, 23
"c:\xampp\htdocs\sistema-venta\lang\vendor\adminlte\ar\adminlte.php", "PHP", 20, 0, 0, 0, 0, 0, 0, 0, 0, 0, 2, 22
"c:\xampp\htdocs\sistema-venta\lang\vendor\adminlte\bn\adminlte.php", "PHP", 27, 0, 0, 0, 0, 0, 0, 0, 0, 0, 3, 30
"c:\xampp\htdocs\sistema-venta\lang\vendor\adminlte\bn\iframe.php", "PHP", 10, 0, 0, 0, 0, 0, 0, 0, 0, 10, 5, 25
"c:\xampp\htdocs\sistema-venta\lang\vendor\adminlte\bn\menu.php", "PHP", 17, 0, 0, 0, 0, 0, 0, 0, 0, 0, 3, 20
"c:\xampp\htdocs\sistema-venta\lang\vendor\adminlte\ca\adminlte.php", "PHP", 20, 0, 0, 0, 0, 0, 0, 0, 0, 0, 2, 22
"c:\xampp\htdocs\sistema-venta\lang\vendor\adminlte\de\adminlte.php", "PHP", 25, 0, 0, 0, 0, 0, 0, 0, 0, 0, 3, 28
"c:\xampp\htdocs\sistema-venta\lang\vendor\adminlte\de\iframe.php", "PHP", 10, 0, 0, 0, 0, 0, 0, 0, 0, 10, 5, 25
"c:\xampp\htdocs\sistema-venta\lang\vendor\adminlte\de\menu.php", "PHP", 17, 0, 0, 0, 0, 0, 0, 0, 0, 0, 3, 20
"c:\xampp\htdocs\sistema-venta\lang\vendor\adminlte\en\adminlte.php", "PHP", 27, 0, 0, 0, 0, 0, 0, 0, 0, 0, 3, 30
"c:\xampp\htdocs\sistema-venta\lang\vendor\adminlte\en\iframe.php", "PHP", 10, 0, 0, 0, 0, 0, 0, 0, 0, 10, 5, 25
"c:\xampp\htdocs\sistema-venta\lang\vendor\adminlte\en\menu.php", "PHP", 17, 0, 0, 0, 0, 0, 0, 0, 0, 0, 3, 20
"c:\xampp\htdocs\sistema-venta\lang\vendor\adminlte\es\adminlte.php", "PHP", 27, 0, 0, 0, 0, 0, 0, 0, 0, 0, 3, 30
"c:\xampp\htdocs\sistema-venta\lang\vendor\adminlte\es\iframe.php", "PHP", 10, 0, 0, 0, 0, 0, 0, 0, 0, 10, 5, 25
"c:\xampp\htdocs\sistema-venta\lang\vendor\adminlte\es\menu.php", "PHP", 17, 0, 0, 0, 0, 0, 0, 0, 0, 0, 3, 20
"c:\xampp\htdocs\sistema-venta\lang\vendor\adminlte\fa\adminlte.php", "PHP", 27, 0, 0, 0, 0, 0, 0, 0, 0, 0, 3, 30
"c:\xampp\htdocs\sistema-venta\lang\vendor\adminlte\fa\iframe.php", "PHP", 10, 0, 0, 0, 0, 0, 0, 0, 0, 10, 4, 24
"c:\xampp\htdocs\sistema-venta\lang\vendor\adminlte\fa\menu.php", "PHP", 17, 0, 0, 0, 0, 0, 0, 0, 0, 0, 3, 20
"c:\xampp\htdocs\sistema-venta\lang\vendor\adminlte\fr\adminlte.php", "PHP", 27, 0, 0, 0, 0, 0, 0, 0, 0, 0, 3, 30
"c:\xampp\htdocs\sistema-venta\lang\vendor\adminlte\fr\iframe.php", "PHP", 10, 0, 0, 0, 0, 0, 0, 0, 0, 10, 5, 25
"c:\xampp\htdocs\sistema-venta\lang\vendor\adminlte\fr\menu.php", "PHP", 17, 0, 0, 0, 0, 0, 0, 0, 0, 0, 3, 20
"c:\xampp\htdocs\sistema-venta\lang\vendor\adminlte\hr\adminlte.php", "PHP", 20, 0, 0, 0, 0, 0, 0, 0, 0, 0, 3, 23
"c:\xampp\htdocs\sistema-venta\lang\vendor\adminlte\hu\adminlte.php", "PHP", 20, 0, 0, 0, 0, 0, 0, 0, 0, 0, 2, 22
"c:\xampp\htdocs\sistema-venta\lang\vendor\adminlte\id\adminlte.php", "PHP", 26, 0, 0, 0, 0, 0, 0, 0, 0, 0, 3, 29
"c:\xampp\htdocs\sistema-venta\lang\vendor\adminlte\id\menu.php", "PHP", 17, 0, 0, 0, 0, 0, 0, 0, 0, 0, 3, 20
"c:\xampp\htdocs\sistema-venta\lang\vendor\adminlte\it\adminlte.php", "PHP", 20, 0, 0, 0, 0, 0, 0, 0, 0, 0, 3, 23
"c:\xampp\htdocs\sistema-venta\lang\vendor\adminlte\it\iframe.php", "PHP", 10, 0, 0, 0, 0, 0, 0, 0, 0, 10, 4, 24
"c:\xampp\htdocs\sistema-venta\lang\vendor\adminlte\it\menu.php", "PHP", 17, 0, 0, 0, 0, 0, 0, 0, 0, 0, 3, 20
"c:\xampp\htdocs\sistema-venta\lang\vendor\adminlte\ja\adminlte.php", "PHP", 25, 0, 0, 0, 0, 0, 0, 0, 0, 0, 3, 28
"c:\xampp\htdocs\sistema-venta\lang\vendor\adminlte\ja\menu.php", "PHP", 17, 0, 0, 0, 0, 0, 0, 0, 0, 0, 3, 20
"c:\xampp\htdocs\sistema-venta\lang\vendor\adminlte\la\adminlte.php", "PHP", 20, 0, 0, 0, 0, 0, 0, 0, 0, 0, 3, 23
"c:\xampp\htdocs\sistema-venta\lang\vendor\adminlte\la\menu.php", "PHP", 17, 0, 0, 0, 0, 0, 0, 0, 0, 0, 3, 20
"c:\xampp\htdocs\sistema-venta\lang\vendor\adminlte\nl\adminlte.php", "PHP", 20, 0, 0, 0, 0, 0, 0, 0, 0, 0, 3, 23
"c:\xampp\htdocs\sistema-venta\lang\vendor\adminlte\pl\adminlte.php", "PHP", 26, 0, 0, 0, 0, 0, 0, 0, 0, 0, 3, 29
"c:\xampp\htdocs\sistema-venta\lang\vendor\adminlte\pl\menu.php", "PHP", 17, 0, 0, 0, 0, 0, 0, 0, 0, 0, 3, 20
"c:\xampp\htdocs\sistema-venta\lang\vendor\adminlte\pt-br\adminlte.php", "PHP", 26, 0, 0, 0, 0, 0, 0, 0, 0, 0, 3, 29
"c:\xampp\htdocs\sistema-venta\lang\vendor\adminlte\pt-br\menu.php", "PHP", 17, 0, 0, 0, 0, 0, 0, 0, 0, 0, 3, 20
"c:\xampp\htdocs\sistema-venta\lang\vendor\adminlte\pt-pt\adminlte.php", "PHP", 26, 0, 0, 0, 0, 0, 0, 0, 0, 0, 3, 29
"c:\xampp\htdocs\sistema-venta\lang\vendor\adminlte\pt-pt\iframe.php", "PHP", 10, 0, 0, 0, 0, 0, 0, 0, 0, 10, 5, 25
"c:\xampp\htdocs\sistema-venta\lang\vendor\adminlte\pt-pt\menu.php", "PHP", 17, 0, 0, 0, 0, 0, 0, 0, 0, 0, 3, 20
"c:\xampp\htdocs\sistema-venta\lang\vendor\adminlte\ru\adminlte.php", "PHP", 20, 0, 0, 0, 0, 0, 0, 0, 0, 0, 4, 24
"c:\xampp\htdocs\sistema-venta\lang\vendor\adminlte\ru\menu.php", "PHP", 17, 0, 0, 0, 0, 0, 0, 0, 0, 0, 3, 20
"c:\xampp\htdocs\sistema-venta\lang\vendor\adminlte\sk\adminlte.php", "PHP", 27, 0, 0, 0, 0, 0, 0, 0, 0, 0, 3, 30
"c:\xampp\htdocs\sistema-venta\lang\vendor\adminlte\sk\iframe.php", "PHP", 10, 0, 0, 0, 0, 0, 0, 0, 0, 10, 5, 25
"c:\xampp\htdocs\sistema-venta\lang\vendor\adminlte\sk\menu.php", "PHP", 17, 0, 0, 0, 0, 0, 0, 0, 0, 0, 3, 20
"c:\xampp\htdocs\sistema-venta\lang\vendor\adminlte\sr\adminlte.php", "PHP", 26, 0, 0, 0, 0, 0, 0, 0, 0, 0, 3, 29
"c:\xampp\htdocs\sistema-venta\lang\vendor\adminlte\sr\menu.php", "PHP", 19, 0, 0, 0, 0, 0, 0, 0, 0, 0, 3, 22
"c:\xampp\htdocs\sistema-venta\lang\vendor\adminlte\tr\adminlte.php", "PHP", 26, 0, 0, 0, 0, 0, 0, 0, 0, 0, 4, 30
"c:\xampp\htdocs\sistema-venta\lang\vendor\adminlte\tr\menu.php", "PHP", 17, 0, 0, 0, 0, 0, 0, 0, 0, 0, 3, 20
"c:\xampp\htdocs\sistema-venta\lang\vendor\adminlte\uk\adminlte.php", "PHP", 20, 0, 0, 0, 0, 0, 0, 0, 0, 0, 4, 24
"c:\xampp\htdocs\sistema-venta\lang\vendor\adminlte\uk\menu.php", "PHP", 17, 0, 0, 0, 0, 0, 0, 0, 0, 0, 3, 20
"c:\xampp\htdocs\sistema-venta\lang\vendor\adminlte\vi\adminlte.php", "PHP", 20, 0, 0, 0, 0, 0, 0, 0, 0, 0, 3, 23
"c:\xampp\htdocs\sistema-venta\lang\vendor\adminlte\vi\menu.php", "PHP", 17, 0, 0, 0, 0, 0, 0, 0, 0, 0, 3, 20
"c:\xampp\htdocs\sistema-venta\lang\vendor\adminlte\zh-CN\adminlte.php", "PHP", 20, 0, 0, 0, 0, 0, 0, 0, 0, 0, 3, 23
"c:\xampp\htdocs\sistema-venta\lang\vendor\adminlte\zh-CN\menu.php", "PHP", 17, 0, 0, 0, 0, 0, 0, 0, 0, 0, 3, 20
"c:\xampp\htdocs\sistema-venta\package-lock.json", "JSON", 0, 0, 0, 0, 0, 0, 0, 901, 0, 0, 1, 902
"c:\xampp\htdocs\sistema-venta\package.json", "JSON", 0, 0, 0, 0, 0, 0, 0, 15, 0, 0, 1, 16
"c:\xampp\htdocs\sistema-venta\phpunit.xml", "XML", 0, 29, 0, 0, 0, 0, 0, 0, 0, 2, 1, 32
"c:\xampp\htdocs\sistema-venta\public\index.php", "PHP", 14, 0, 0, 0, 0, 0, 0, 0, 0, 30, 12, 56
"c:\xampp\htdocs\sistema-venta\public\vendor\adminlte\dist\css\adminlte.css", "CSS", 0, 0, 0, 43649, 0, 0, 0, 0, 0, 21, 9342, 53012
"c:\xampp\htdocs\sistema-venta\public\vendor\adminlte\dist\css\adminlte.min.css", "CSS", 0, 0, 0, 2, 0, 0, 0, 0, 0, 10, 0, 12
"c:\xampp\htdocs\sistema-venta\public\vendor\adminlte\dist\js\.eslintrc.json", "JSON with Comments", 0, 0, 0, 0, 0, 57, 0, 0, 0, 0, 1, 58
"c:\xampp\htdocs\sistema-venta\public\vendor\adminlte\dist\js\adminlte.js", "JavaScript", 0, 0, 0, 0, 2191, 0, 0, 0, 0, 330, 549, 3070
"c:\xampp\htdocs\sistema-venta\public\vendor\adminlte\dist\js\adminlte.min.js", "JavaScript", 0, 0, 0, 0, 1, 0, 0, 0, 0, 6, 0, 7
"c:\xampp\htdocs\sistema-venta\public\vendor\bootstrap\js\bootstrap.bundle.js", "JavaScript", 0, 0, 0, 0, 4510, 0, 0, 0, 0, 1272, 1191, 6973
"c:\xampp\htdocs\sistema-venta\public\vendor\bootstrap\js\bootstrap.bundle.min.js", "JavaScript", 0, 0, 0, 0, 1, 0, 0, 0, 0, 6, 0, 7
"c:\xampp\htdocs\sistema-venta\public\vendor\bootstrap\js\bootstrap.js", "JavaScript", 0, 0, 0, 0, 3270, 0, 0, 0, 0, 222, 866, 4358
"c:\xampp\htdocs\sistema-venta\public\vendor\bootstrap\js\bootstrap.min.js", "JavaScript", 0, 0, 0, 0, 1, 0, 0, 0, 0, 6, 0, 7
"c:\xampp\htdocs\sistema-venta\public\vendor\datatables-plugins\autofill\css\autoFill.bootstrap4.css", "CSS", 0, 0, 0, 86, 0, 0, 0, 0, 0, 0, 6, 92
"c:\xampp\htdocs\sistema-venta\public\vendor\datatables-plugins\autofill\css\autoFill.bootstrap4.min.css", "CSS", 0, 0, 0, 1, 0, 0, 0, 0, 0, 0, 1, 2
"c:\xampp\htdocs\sistema-venta\public\vendor\datatables-plugins\autofill\js\autoFill.bootstrap4.js", "JavaScript", 0, 0, 0, 0, 29, 0, 0, 0, 0, 6, 8, 43
"c:\xampp\htdocs\sistema-venta\public\vendor\datatables-plugins\autofill\js\autoFill.bootstrap4.min.js", "JavaScript", 0, 0, 0, 0, 1, 0, 0, 0, 0, 4, 1, 6
"c:\xampp\htdocs\sistema-venta\public\vendor\datatables-plugins\autofill\js\dataTables.autoFill.js", "JavaScript", 0, 0, 0, 0, 717, 0, 0, 0, 0, 285, 211, 1213
"c:\xampp\htdocs\sistema-venta\public\vendor\datatables-plugins\autofill\js\dataTables.autoFill.min.js", "JavaScript", 0, 0, 0, 0, 32, 0, 0, 0, 0, 14, 1, 47
"c:\xampp\htdocs\sistema-venta\public\vendor\datatables-plugins\buttons\css\buttons.bootstrap4.css", "CSS", 0, 0, 0, 410, 0, 0, 0, 0, 0, 0, 17, 427
"c:\xampp\htdocs\sistema-venta\public\vendor\datatables-plugins\buttons\css\buttons.bootstrap4.min.css", "CSS", 0, 0, 0, 1, 0, 0, 0, 0, 0, 0, 1, 2
"c:\xampp\htdocs\sistema-venta\public\vendor\datatables-plugins\buttons\js\buttons.bootstrap4.js", "JavaScript", 0, 0, 0, 0, 74, 0, 0, 0, 0, 6, 8, 88
"c:\xampp\htdocs\sistema-venta\public\vendor\datatables-plugins\buttons\js\buttons.bootstrap4.min.js", "JavaScript", 0, 0, 0, 0, 3, 0, 0, 0, 0, 4, 1, 8
"c:\xampp\htdocs\sistema-venta\public\vendor\datatables-plugins\buttons\js\buttons.colVis.js", "JavaScript", 0, 0, 0, 0, 172, 0, 0, 0, 0, 25, 39, 236
"c:\xampp\htdocs\sistema-venta\public\vendor\datatables-plugins\buttons\js\buttons.colVis.min.js", "JavaScript", 0, 0, 0, 0, 6, 0, 0, 0, 0, 4, 1, 11
"c:\xampp\htdocs\sistema-venta\public\vendor\datatables-plugins\buttons\js\buttons.flash.js", "JavaScript", 0, 0, 0, 0, 1026, 0, 0, 0, 0, 199, 217, 1442
"c:\xampp\htdocs\sistema-venta\public\vendor\datatables-plugins\buttons\js\buttons.flash.min.js", "JavaScript", 0, 0, 0, 0, 31, 0, 0, 0, 0, 7, 1, 39
"c:\xampp\htdocs\sistema-venta\public\vendor\datatables-plugins\buttons\js\buttons.html5.js", "JavaScript", 0, 0, 0, 0, 1101, 0, 0, 0, 0, 153, 210, 1464
"c:\xampp\htdocs\sistema-venta\public\vendor\datatables-plugins\buttons\js\buttons.html5.min.js", "JavaScript", 0, 0, 0, 0, 29, 0, 0, 0, 0, 7, 1, 37
"c:\xampp\htdocs\sistema-venta\public\vendor\datatables-plugins\buttons\js\buttons.print.js", "JavaScript", 0, 0, 0, 0, 143, 0, 0, 0, 0, 32, 47, 222
"c:\xampp\htdocs\sistema-venta\public\vendor\datatables-plugins\buttons\js\buttons.print.min.js", "JavaScript", 0, 0, 0, 0, 5, 0, 0, 0, 0, 4, 1, 10
"c:\xampp\htdocs\sistema-venta\public\vendor\datatables-plugins\buttons\js\dataTables.buttons.js", "JavaScript", 0, 0, 0, 0, 1706, 0, 0, 0, 0, 380, 393, 2479
"c:\xampp\htdocs\sistema-venta\public\vendor\datatables-plugins\buttons\js\dataTables.buttons.min.js", "JavaScript", 0, 0, 0, 0, 50, 0, 0, 0, 0, 4, 1, 55
"c:\xampp\htdocs\sistema-venta\public\vendor\datatables-plugins\colreorder\css\colReorder.bootstrap4.css", "CSS", 0, 0, 0, 10, 0, 0, 0, 0, 0, 0, 2, 12
"c:\xampp\htdocs\sistema-venta\public\vendor\datatables-plugins\colreorder\css\colReorder.bootstrap4.min.css", "CSS", 0, 0, 0, 1, 0, 0, 0, 0, 0, 0, 1, 2
"c:\xampp\htdocs\sistema-venta\public\vendor\datatables-plugins\colreorder\js\colReorder.bootstrap4.js", "JavaScript", 0, 0, 0, 0, 26, 0, 0, 0, 0, 6, 6, 38
"c:\xampp\htdocs\sistema-venta\public\vendor\datatables-plugins\colreorder\js\colReorder.bootstrap4.min.js", "JavaScript", 0, 0, 0, 0, 1, 0, 0, 0, 0, 4, 1, 6
"c:\xampp\htdocs\sistema-venta\public\vendor\datatables-plugins\colreorder\js\dataTables.colReorder.js", "JavaScript", 0, 0, 0, 0, 800, 0, 0, 0, 0, 468, 224, 1492
"c:\xampp\htdocs\sistema-venta\public\vendor\datatables-plugins\colreorder\js\dataTables.colReorder.min.js", "JavaScript", 0, 0, 0, 0, 26, 0, 0, 0, 0, 4, 1, 31
"c:\xampp\htdocs\sistema-venta\public\vendor\datatables-plugins\fixedcolumns\css\fixedColumns.bootstrap4.css", "CSS", 0, 0, 0, 50, 0, 0, 0, 0, 0, 0, 12, 62
"c:\xampp\htdocs\sistema-venta\public\vendor\datatables-plugins\fixedcolumns\css\fixedColumns.bootstrap4.min.css", "CSS", 0, 0, 0, 1, 0, 0, 0, 0, 0, 0, 1, 2
"c:\xampp\htdocs\sistema-venta\public\vendor\datatables-plugins\fixedcolumns\js\dataTables.fixedColumns.js", "JavaScript", 0, 0, 0, 0, 458, 0, 0, 0, 0, 96, 4, 558
"c:\xampp\htdocs\sistema-venta\public\vendor\datatables-plugins\fixedcolumns\js\dataTables.fixedColumns.min.js", "JavaScript", 0, 0, 0, 0, 15, 0, 0, 0, 0, 4, 1, 20
"c:\xampp\htdocs\sistema-venta\public\vendor\datatables-plugins\fixedcolumns\js\fixedColumns.bootstrap4.js", "JavaScript", 0, 0, 0, 0, 30, 0, 0, 0, 0, 11, 3, 44
"c:\xampp\htdocs\sistema-venta\public\vendor\datatables-plugins\fixedcolumns\js\fixedColumns.bootstrap4.min.js", "JavaScript", 0, 0, 0, 0, 1, 0, 0, 0, 0, 4, 1, 6
"c:\xampp\htdocs\sistema-venta\public\vendor\datatables-plugins\fixedheader\css\fixedHeader.bootstrap4.css", "CSS", 0, 0, 0, 14, 0, 0, 0, 0, 0, 0, 3, 17
"c:\xampp\htdocs\sistema-venta\public\vendor\datatables-plugins\fixedheader\css\fixedHeader.bootstrap4.min.css", "CSS", 0, 0, 0, 1, 0, 0, 0, 0, 0, 0, 1, 2
"c:\xampp\htdocs\sistema-venta\public\vendor\datatables-plugins\fixedheader\js\dataTables.fixedHeader.js", "JavaScript", 0, 0, 0, 0, 663, 0, 0, 0, 0, 230, 149, 1042
"c:\xampp\htdocs\sistema-venta\public\vendor\datatables-plugins\fixedheader\js\dataTables.fixedHeader.min.js", "JavaScript", 0, 0, 0, 0, 28, 0, 0, 0, 0, 14, 1, 43
"c:\xampp\htdocs\sistema-venta\public\vendor\datatables-plugins\fixedheader\js\fixedHeader.bootstrap4.js", "JavaScript", 0, 0, 0, 0, 26, 0, 0, 0, 0, 6, 6, 38
"c:\xampp\htdocs\sistema-venta\public\vendor\datatables-plugins\fixedheader\js\fixedHeader.bootstrap4.min.js", "JavaScript", 0, 0, 0, 0, 1, 0, 0, 0, 0, 4, 1, 6
"c:\xampp\htdocs\sistema-venta\public\vendor\datatables-plugins\jszip\jszip.js", "JavaScript", 0, 0, 0, 0, 6667, 0, 0, 0, 0, 3376, 1327, 11370
"c:\xampp\htdocs\sistema-venta\public\vendor\datatables-plugins\jszip\jszip.min.js", "JavaScript", 0, 0, 0, 0, 1, 0, 0, 0, 0, 11, 1, 13
"c:\xampp\htdocs\sistema-venta\public\vendor\datatables-plugins\keytable\css\keyTable.bootstrap4.css", "CSS", 0, 0, 0, 8, 0, 0, 0, 0, 0, 0, 2, 10
"c:\xampp\htdocs\sistema-venta\public\vendor\datatables-plugins\keytable\css\keyTable.bootstrap4.min.css", "CSS", 0, 0, 0, 1, 0, 0, 0, 0, 0, 0, 1, 2
"c:\xampp\htdocs\sistema-venta\public\vendor\datatables-plugins\keytable\js\dataTables.keyTable.js", "JavaScript", 0, 0, 0, 0, 815, 0, 0, 0, 0, 304, 231, 1350
"c:\xampp\htdocs\sistema-venta\public\vendor\datatables-plugins\keytable\js\dataTables.keyTable.min.js", "JavaScript", 0, 0, 0, 0, 33, 0, 0, 0, 0, 14, 1, 48
"c:\xampp\htdocs\sistema-venta\public\vendor\datatables-plugins\keytable\js\keyTable.bootstrap4.js", "JavaScript", 0, 0, 0, 0, 26, 0, 0, 0, 0, 6, 6, 38
"c:\xampp\htdocs\sistema-venta\public\vendor\datatables-plugins\keytable\js\keyTable.bootstrap4.min.js", "JavaScript", 0, 0, 0, 0, 1, 0, 0, 0, 0, 4, 1, 6
"c:\xampp\htdocs\sistema-venta\public\vendor\datatables-plugins\pdfmake\pdfmake.js", "JavaScript", 0, 0, 0, 0, 56580, 0, 0, 0, 0, 8827, 14080, 79487
"c:\xampp\htdocs\sistema-venta\public\vendor\datatables-plugins\pdfmake\pdfmake.min.js", "JavaScript", 0, 0, 0, 0, 1, 0, 0, 0, 0, 2, 0, 3
"c:\xampp\htdocs\sistema-venta\public\vendor\datatables-plugins\pdfmake\vfs_fonts.js", "JavaScript", 0, 0, 0, 0, 6, 0, 0, 0, 0, 0, 0, 6
"c:\xampp\htdocs\sistema-venta\public\vendor\datatables-plugins\responsive\css\responsive.bootstrap4.css", "CSS", 0, 0, 0, 184, 0, 0, 0, 0, 0, 0, 2, 186
"c:\xampp\htdocs\sistema-venta\public\vendor\datatables-plugins\responsive\css\responsive.bootstrap4.min.css", "CSS", 0, 0, 0, 1, 0, 0, 0, 0, 0, 0, 1, 2
"c:\xampp\htdocs\sistema-venta\public\vendor\datatables-plugins\responsive\js\dataTables.responsive.js", "JavaScript", 0, 0, 0, 0, 873, 0, 0, 0, 0, 388, 214, 1475
"c:\xampp\htdocs\sistema-venta\public\vendor\datatables-plugins\responsive\js\dataTables.responsive.min.js", "JavaScript", 0, 0, 0, 0, 34, 0, 0, 0, 0, 14, 1, 49
"c:\xampp\htdocs\sistema-venta\public\vendor\datatables-plugins\responsive\js\responsive.bootstrap4.js", "JavaScript", 0, 0, 0, 0, 67, 0, 0, 0, 0, 6, 13, 86
"c:\xampp\htdocs\sistema-venta\public\vendor\datatables-plugins\responsive\js\responsive.bootstrap4.min.js", "JavaScript", 0, 0, 0, 0, 8, 0, 0, 0, 0, 4, 1, 13
"c:\xampp\htdocs\sistema-venta\public\vendor\datatables-plugins\rowgroup\css\rowGroup.bootstrap4.css", "CSS", 0, 0, 0, 33, 0, 0, 0, 0, 0, 0, 7, 40
"c:\xampp\htdocs\sistema-venta\public\vendor\datatables-plugins\rowgroup\css\rowGroup.bootstrap4.min.css", "CSS", 0, 0, 0, 1, 0, 0, 0, 0, 0, 0, 1, 2
"c:\xampp\htdocs\sistema-venta\public\vendor\datatables-plugins\rowgroup\js\dataTables.rowGroup.js", "JavaScript", 0, 0, 0, 0, 257, 0, 0, 0, 0, 145, 85, 487
"c:\xampp\htdocs\sistema-venta\public\vendor\datatables-plugins\rowgroup\js\dataTables.rowGroup.min.js", "JavaScript", 0, 0, 0, 0, 8, 0, 0, 0, 0, 4, 1, 13
"c:\xampp\htdocs\sistema-venta\public\vendor\datatables-plugins\rowgroup\js\rowGroup.bootstrap4.js", "JavaScript", 0, 0, 0, 0, 26, 0, 0, 0, 0, 6, 6, 38
"c:\xampp\htdocs\sistema-venta\public\vendor\datatables-plugins\rowgroup\js\rowGroup.bootstrap4.min.js", "JavaScript", 0, 0, 0, 0, 1, 0, 0, 0, 0, 4, 1, 6
"c:\xampp\htdocs\sistema-venta\public\vendor\datatables-plugins\rowreorder\css\rowReorder.bootstrap4.css", "CSS", 0, 0, 0, 19, 0, 0, 0, 0, 0, 0, 4, 23
"c:\xampp\htdocs\sistema-venta\public\vendor\datatables-plugins\rowreorder\css\rowReorder.bootstrap4.min.css", "CSS", 0, 0, 0, 1, 0, 0, 0, 0, 0, 0, 1, 2
"c:\xampp\htdocs\sistema-venta\public\vendor\datatables-plugins\rowreorder\js\dataTables.rowReorder.js", "JavaScript", 0, 0, 0, 0, 434, 0, 0, 0, 0, 256, 131, 821
"c:\xampp\htdocs\sistema-venta\public\vendor\datatables-plugins\rowreorder\js\dataTables.rowReorder.min.js", "JavaScript", 0, 0, 0, 0, 15, 0, 0, 0, 0, 4, 1, 20
"c:\xampp\htdocs\sistema-venta\public\vendor\datatables-plugins\rowreorder\js\rowReorder.bootstrap4.js", "JavaScript", 0, 0, 0, 0, 26, 0, 0, 0, 0, 6, 6, 38
"c:\xampp\htdocs\sistema-venta\public\vendor\datatables-plugins\rowreorder\js\rowReorder.bootstrap4.min.js", "JavaScript", 0, 0, 0, 0, 1, 0, 0, 0, 0, 4, 1, 6
"c:\xampp\htdocs\sistema-venta\public\vendor\datatables-plugins\scroller\css\scroller.bootstrap4.css", "CSS", 0, 0, 0, 35, 0, 0, 0, 0, 0, 0, 2, 37
"c:\xampp\htdocs\sistema-venta\public\vendor\datatables-plugins\scroller\css\scroller.bootstrap4.min.css", "CSS", 0, 0, 0, 1, 0, 0, 0, 0, 0, 0, 1, 2
"c:\xampp\htdocs\sistema-venta\public\vendor\datatables-plugins\scroller\js\dataTables.scroller.js", "JavaScript", 0, 0, 0, 0, 668, 0, 0, 0, 0, 451, 191, 1310
"c:\xampp\htdocs\sistema-venta\public\vendor\datatables-plugins\scroller\js\dataTables.scroller.min.js", "JavaScript", 0, 0, 0, 0, 30, 0, 0, 0, 0, 14, 1, 45
"c:\xampp\htdocs\sistema-venta\public\vendor\datatables-plugins\scroller\js\scroller.bootstrap4.js", "JavaScript", 0, 0, 0, 0, 26, 0, 0, 0, 0, 6, 6, 38
"c:\xampp\htdocs\sistema-venta\public\vendor\datatables-plugins\scroller\js\scroller.bootstrap4.min.js", "JavaScript", 0, 0, 0, 0, 1, 0, 0, 0, 0, 4, 1, 6
"c:\xampp\htdocs\sistema-venta\public\vendor\datatables-plugins\select\css\select.bootstrap4.css", "CSS", 0, 0, 0, 122, 0, 0, 0, 0, 0, 0, 3, 125
"c:\xampp\htdocs\sistema-venta\public\vendor\datatables-plugins\select\css\select.bootstrap4.min.css", "CSS", 0, 0, 0, 1, 0, 0, 0, 0, 0, 0, 1, 2
"c:\xampp\htdocs\sistema-venta\public\vendor\datatables-plugins\select\js\dataTables.select.js", "JavaScript", 0, 0, 0, 0, 792, 0, 0, 0, 0, 264, 210, 1266
"c:\xampp\htdocs\sistema-venta\public\vendor\datatables-plugins\select\js\dataTables.select.min.js", "JavaScript", 0, 0, 0, 0, 26, 0, 0, 0, 0, 14, 1, 41
"c:\xampp\htdocs\sistema-venta\public\vendor\datatables-plugins\select\js\select.bootstrap4.js", "JavaScript", 0, 0, 0, 0, 26, 0, 0, 0, 0, 6, 6, 38
"c:\xampp\htdocs\sistema-venta\public\vendor\datatables-plugins\select\js\select.bootstrap4.min.js", "JavaScript", 0, 0, 0, 0, 1, 0, 0, 0, 0, 4, 1, 6
"c:\xampp\htdocs\sistema-venta\public\vendor\datatables\css\dataTables.bootstrap4.css", "CSS", 0, 0, 0, 297, 0, 0, 0, 0, 0, 0, 11, 308
"c:\xampp\htdocs\sistema-venta\public\vendor\datatables\css\dataTables.bootstrap4.min.css", "CSS", 0, 0, 0, 1, 0, 0, 0, 0, 0, 0, 1, 2
"c:\xampp\htdocs\sistema-venta\public\vendor\datatables\js\dataTables.bootstrap4.js", "JavaScript", 0, 0, 0, 0, 131, 0, 0, 0, 0, 26, 28, 185
"c:\xampp\htdocs\sistema-venta\public\vendor\datatables\js\dataTables.bootstrap4.min.js", "JavaScript", 0, 0, 0, 0, 10, 0, 0, 0, 0, 4, 1, 15
"c:\xampp\htdocs\sistema-venta\public\vendor\datatables\js\jquery.dataTables.js", "JavaScript", 0, 0, 0, 0, 6474, 0, 0, 0, 0, 6872, 2000, 15346
"c:\xampp\htdocs\sistema-venta\public\vendor\datatables\js\jquery.dataTables.min.js", "JavaScript", 0, 0, 0, 0, 173, 0, 0, 0, 0, 14, 1, 188
"c:\xampp\htdocs\sistema-venta\public\vendor\daterangepicker\daterangepicker.css", "CSS", 0, 0, 0, 337, 0, 0, 0, 0, 0, 1, 73, 411
"c:\xampp\htdocs\sistema-venta\public\vendor\daterangepicker\daterangepicker.js", "JavaScript", 0, 0, 0, 0, 1170, 0, 0, 0, 0, 115, 294, 1579
"c:\xampp\htdocs\sistema-venta\public\vendor\fontawesome-free\css\all.css", "CSS", 0, 0, 0, 3110, 0, 0, 0, 0, 0, 6, 1501, 4617
"c:\xampp\htdocs\sistema-venta\public\vendor\fontawesome-free\css\all.min.css", "CSS", 0, 0, 0, 1, 0, 0, 0, 0, 0, 4, 0, 5
"c:\xampp\htdocs\sistema-venta\public\vendor\fontawesome-free\css\brands.css", "CSS", 0, 0, 0, 10, 0, 0, 0, 0, 0, 4, 2, 16
"c:\xampp\htdocs\sistema-venta\public\vendor\fontawesome-free\css\brands.min.css", "CSS", 0, 0, 0, 1, 0, 0, 0, 0, 0, 4, 0, 5
"c:\xampp\htdocs\sistema-venta\public\vendor\fontawesome-free\css\fontawesome.css", "CSS", 0, 0, 0, 3079, 0, 0, 0, 0, 0, 6, 1498, 4583
"c:\xampp\htdocs\sistema-venta\public\vendor\fontawesome-free\css\fontawesome.min.css", "CSS", 0, 0, 0, 1, 0, 0, 0, 0, 0, 4, 0, 5
"c:\xampp\htdocs\sistema-venta\public\vendor\fontawesome-free\css\regular.css", "CSS", 0, 0, 0, 10, 0, 0, 0, 0, 0, 4, 2, 16
"c:\xampp\htdocs\sistema-venta\public\vendor\fontawesome-free\css\regular.min.css", "CSS", 0, 0, 0, 1, 0, 0, 0, 0, 0, 4, 0, 5
"c:\xampp\htdocs\sistema-venta\public\vendor\fontawesome-free\css\solid.css", "CSS", 0, 0, 0, 11, 0, 0, 0, 0, 0, 4, 2, 17
"c:\xampp\htdocs\sistema-venta\public\vendor\fontawesome-free\css\solid.min.css", "CSS", 0, 0, 0, 1, 0, 0, 0, 0, 0, 4, 0, 5
"c:\xampp\htdocs\sistema-venta\public\vendor\fontawesome-free\css\svg-with-js.css", "CSS", 0, 0, 0, 312, 0, 0, 0, 0, 0, 4, 56, 372
"c:\xampp\htdocs\sistema-venta\public\vendor\fontawesome-free\css\svg-with-js.min.css", "CSS", 0, 0, 0, 1, 0, 0, 0, 0, 0, 4, 0, 5
"c:\xampp\htdocs\sistema-venta\public\vendor\fontawesome-free\css\v4-shims.css", "CSS", 0, 0, 0, 1556, 0, 0, 0, 0, 0, 4, 613, 2173
"c:\xampp\htdocs\sistema-venta\public\vendor\fontawesome-free\css\v4-shims.min.css", "CSS", 0, 0, 0, 1, 0, 0, 0, 0, 0, 4, 0, 5
"c:\xampp\htdocs\sistema-venta\public\vendor\fontawesome-free\webfonts\fa-brands-400.svg", "XML", 0, 3717, 0, 0, 0, 0, 0, 0, 0, 0, 1, 3718
"c:\xampp\htdocs\sistema-venta\public\vendor\fontawesome-free\webfonts\fa-regular-400.svg", "XML", 0, 801, 0, 0, 0, 0, 0, 0, 0, 0, 1, 802
"c:\xampp\htdocs\sistema-venta\public\vendor\fontawesome-free\webfonts\fa-solid-900.svg", "XML", 0, 5034, 0, 0, 0, 0, 0, 0, 0, 0, 1, 5035
"c:\xampp\htdocs\sistema-venta\public\vendor\jquery\jquery.js", "JavaScript", 0, 0, 0, 0, 6895, 0, 0, 0, 0, 1911, 2076, 10882
"c:\xampp\htdocs\sistema-venta\public\vendor\jquery\jquery.min.js", "JavaScript", 0, 0, 0, 0, 1, 0, 0, 0, 0, 1, 1, 3
"c:\xampp\htdocs\sistema-venta\public\vendor\moment\locale\af.js", "JavaScript", 0, 0, 0, 0, 73, 0, 0, 0, 0, 4, 6, 83
"c:\xampp\htdocs\sistema-venta\public\vendor\moment\locale\ar-dz.js", "JavaScript", 0, 0, 0, 0, 153, 0, 0, 0, 0, 8, 7, 168
"c:\xampp\htdocs\sistema-venta\public\vendor\moment\locale\ar-kw.js", "JavaScript", 0, 0, 0, 0, 56, 0, 0, 0, 0, 4, 6, 66
"c:\xampp\htdocs\sistema-venta\public\vendor\moment\locale\ar-ly.js", "JavaScript", 0, 0, 0, 0, 172, 0, 0, 0, 0, 4, 7, 183
"c:\xampp\htdocs\sistema-venta\public\vendor\moment\locale\ar-ma.js", "JavaScript", 0, 0, 0, 0, 56, 0, 0, 0, 0, 5, 6, 67
"c:\xampp\htdocs\sistema-venta\public\vendor\moment\locale\ar-sa.js", "JavaScript", 0, 0, 0, 0, 105, 0, 0, 0, 0, 4, 7, 116
"c:\xampp\htdocs\sistema-venta\public\vendor\moment\locale\ar-tn.js", "JavaScript", 0, 0, 0, 0, 56, 0, 0, 0, 0, 4, 6, 66
"c:\xampp\htdocs\sistema-venta\public\vendor\moment\locale\ar.js", "JavaScript", 0, 0, 0, 0, 188, 0, 0, 0, 0, 6, 7, 201
"c:\xampp\htdocs\sistema-venta\public\vendor\moment\locale\az.js", "JavaScript", 0, 0, 0, 0, 101, 0, 0, 0, 0, 5, 7, 113
"c:\xampp\htdocs\sistema-venta\public\vendor\moment\locale\be.js", "JavaScript", 0, 0, 0, 0, 140, 0, 0, 0, 0, 6, 7, 153
"c:\xampp\htdocs\sistema-venta\public\vendor\moment\locale\bg.js", "JavaScript", 0, 0, 0, 0, 89, 0, 0, 0, 0, 4, 6, 99
"c:\xampp\htdocs\sistema-venta\public\vendor\moment\locale\bm.js", "JavaScript", 0, 0, 0, 0, 53, 0, 0, 0, 0, 4, 6, 63
"c:\xampp\htdocs\sistema-venta\public\vendor\moment\locale\bn-bd.js", "JavaScript", 0, 0, 0, 0, 127, 0, 0, 0, 0, 4, 9, 140
"c:\xampp\htdocs\sistema-venta\public\vendor\moment\locale\bn.js", "JavaScript", 0, 0, 0, 0, 119, 0, 0, 0, 0, 4, 7, 130
"c:\xampp\htdocs\sistema-venta\public\vendor\moment\locale\bo.js", "JavaScript", 0, 0, 0, 0, 123, 0, 0, 0, 0, 4, 7, 134
"c:\xampp\htdocs\sistema-venta\public\vendor\moment\locale\br.js", "JavaScript", 0, 0, 0, 0, 163, 0, 0, 0, 0, 4, 10, 177
"c:\xampp\htdocs\sistema-venta\public\vendor\moment\locale\bs.js", "JavaScript", 0, 0, 0, 0, 149, 0, 0, 0, 0, 5, 7, 161
"c:\xampp\htdocs\sistema-venta\public\vendor\moment\locale\ca.js", "JavaScript", 0, 0, 0, 0, 99, 0, 0, 0, 0, 4, 6, 109
"c:\xampp\htdocs\sistema-venta\public\vendor\moment\locale\cs.js", "JavaScript", 0, 0, 0, 0, 167, 0, 0, 0, 0, 8, 8, 183
"c:\xampp\htdocs\sistema-venta\public\vendor\moment\locale\cv.js", "JavaScript", 0, 0, 0, 0, 64, 0, 0, 0, 0, 4, 6, 74
"c:\xampp\htdocs\sistema-venta\public\vendor\moment\locale\cy.js", "JavaScript", 0, 0, 0, 0, 96, 0, 0, 0, 0, 7, 6, 109
"c:\xampp\htdocs\sistema-venta\public\vendor\moment\locale\da.js", "JavaScript", 0, 0, 0, 0, 55, 0, 0, 0, 0, 4, 6, 65
"c:\xampp\htdocs\sistema-venta\public\vendor\moment\locale\de-at.js", "JavaScript", 0, 0, 0, 0, 77, 0, 0, 0, 0, 7, 7, 91
"c:\xampp\htdocs\sistema-venta\public\vendor\moment\locale\de-ch.js", "JavaScript", 0, 0, 0, 0, 77, 0, 0, 0, 0, 4, 7, 88
"c:\xampp\htdocs\sistema-venta\public\vendor\moment\locale\de.js", "JavaScript", 0, 0, 0, 0, 77, 0, 0, 0, 0, 6, 7, 90
"c:\xampp\htdocs\sistema-venta\public\vendor\moment\locale\dv.js", "JavaScript", 0, 0, 0, 0, 91, 0, 0, 0, 0, 4, 7, 102
"c:\xampp\htdocs\sistema-venta\public\vendor\moment\locale\el.js", "JavaScript", 0, 0, 0, 0, 104, 0, 0, 0, 0, 5, 7, 116
"c:\xampp\htdocs\sistema-venta\public\vendor\moment\locale\en-SG.js", "JavaScript", 0, 0, 0, 0, 70, 0, 0, 0, 0, 4, 6, 80
"c:\xampp\htdocs\sistema-venta\public\vendor\moment\locale\en-au.js", "JavaScript", 0, 0, 0, 0, 70, 0, 0, 0, 0, 4, 6, 80
"c:\xampp\htdocs\sistema-venta\public\vendor\moment\locale\en-ca.js", "JavaScript", 0, 0, 0, 0, 66, 0, 0, 0, 0, 4, 6, 76
"c:\xampp\htdocs\sistema-venta\public\vendor\moment\locale\en-gb.js", "JavaScript", 0, 0, 0, 0, 70, 0, 0, 0, 0, 4, 6, 80
"c:\xampp\htdocs\sistema-venta\public\vendor\moment\locale\en-ie.js", "JavaScript", 0, 0, 0, 0, 70, 0, 0, 0, 0, 4, 6, 80
"c:\xampp\htdocs\sistema-venta\public\vendor\moment\locale\en-il.js", "JavaScript", 0, 0, 0, 0, 66, 0, 0, 0, 0, 4, 6, 76
"c:\xampp\htdocs\sistema-venta\public\vendor\moment\locale\en-in.js", "JavaScript", 0, 0, 0, 0, 70, 0, 0, 0, 0, 4, 6, 80
"c:\xampp\htdocs\sistema-venta\public\vendor\moment\locale\en-nz.js", "JavaScript", 0, 0, 0, 0, 70, 0, 0, 0, 0, 4, 6, 80
"c:\xampp\htdocs\sistema-venta\public\vendor\moment\locale\eo.js", "JavaScript", 0, 0, 0, 0, 67, 0, 0, 0, 0, 7, 6, 80
"c:\xampp\htdocs\sistema-venta\public\vendor\moment\locale\es-do.js", "JavaScript", 0, 0, 0, 0, 106, 0, 0, 0, 0, 3, 7, 116
"c:\xampp\htdocs\sistema-venta\public\vendor\moment\locale\es-mx.js", "JavaScript", 0, 0, 0, 0, 107, 0, 0, 0, 0, 4, 7, 118
"c:\xampp\htdocs\sistema-venta\public\vendor\moment\locale\es-us.js", "JavaScript", 0, 0, 0, 0, 106, 0, 0, 0, 0, 5, 7, 118
"c:\xampp\htdocs\sistema-venta\public\vendor\moment\locale\es.js", "JavaScript", 0, 0, 0, 0, 107, 0, 0, 0, 0, 4, 7, 118
"c:\xampp\htdocs\sistema-venta\public\vendor\moment\locale\et.js", "JavaScript", 0, 0, 0, 0, 78, 0, 0, 0, 0, 5, 7, 90
"c:\xampp\htdocs\sistema-venta\public\vendor\moment\locale\eu.js", "JavaScript", 0, 0, 0, 0, 65, 0, 0, 0, 0, 4, 6, 75
"c:\xampp\htdocs\sistema-venta\public\vendor\moment\locale\fa.js", "JavaScript", 0, 0, 0, 0, 111, 0, 0, 0, 0, 4, 7, 122
"c:\xampp\htdocs\sistema-venta\public\vendor\moment\locale\fi.js", "JavaScript", 0, 0, 0, 0, 122, 0, 0, 0, 0, 4, 7, 133
"c:\xampp\htdocs\sistema-venta\public\vendor\moment\locale\fil.js", "JavaScript", 0, 0, 0, 0, 59, 0, 0, 0, 0, 5, 6, 70
"c:\xampp\htdocs\sistema-venta\public\vendor\moment\locale\fo.js", "JavaScript", 0, 0, 0, 0, 57, 0, 0, 0, 0, 5, 6, 68
"c:\xampp\htdocs\sistema-venta\public\vendor\moment\locale\fr-ca.js", "JavaScript", 0, 0, 0, 0, 68, 0, 0, 0, 0, 6, 7, 81
"c:\xampp\htdocs\sistema-venta\public\vendor\moment\locale\fr-ch.js", "JavaScript", 0, 0, 0, 0, 72, 0, 0, 0, 0, 6, 7, 85
"c:\xampp\htdocs\sistema-venta\public\vendor\moment\locale\fr.js", "JavaScript", 0, 0, 0, 0, 98, 0, 0, 0, 0, 9, 9, 116
"c:\xampp\htdocs\sistema-venta\public\vendor\moment\locale\fy.js", "JavaScript", 0, 0, 0, 0, 78, 0, 0, 0, 0, 4, 7, 89
"c:\xampp\htdocs\sistema-venta\public\vendor\moment\locale\ga.js", "JavaScript", 0, 0, 0, 0, 96, 0, 0, 0, 0, 4, 7, 107
"c:\xampp\htdocs\sistema-venta\public\vendor\moment\locale\gd.js", "JavaScript", 0, 0, 0, 0, 96, 0, 0, 0, 0, 4, 7, 107
"c:\xampp\htdocs\sistema-venta\public\vendor\moment\locale\gl.js", "JavaScript", 0, 0, 0, 0, 76, 0, 0, 0, 0, 4, 6, 86
"c:\xampp\htdocs\sistema-venta\public\vendor\moment\locale\gom-deva.js", "JavaScript", 0, 0, 0, 0, 124, 0, 0, 0, 0, 5, 7, 136
"c:\xampp\htdocs\sistema-venta\public\vendor\moment\locale\gom-latn.js", "JavaScript", 0, 0, 0, 0, 124, 0, 0, 0, 0, 5, 7, 136
"c:\xampp\htdocs\sistema-venta\public\vendor\moment\locale\gu.js", "JavaScript", 0, 0, 0, 0, 120, 0, 0, 0, 0, 6, 7, 133
"c:\xampp\htdocs\sistema-venta\public\vendor\moment\locale\he.js", "JavaScript", 0, 0, 0, 0, 94, 0, 0, 0, 0, 6, 6, 106
"c:\xampp\htdocs\sistema-venta\public\vendor\moment\locale\hi.js", "JavaScript", 0, 0, 0, 0, 157, 0, 0, 0, 0, 6, 13, 176
"c:\xampp\htdocs\sistema-venta\public\vendor\moment\locale\hr.js", "JavaScript", 0, 0, 0, 0, 155, 0, 0, 0, 0, 4, 7, 166
"c:\xampp\htdocs\sistema-venta\public\vendor\moment\locale\hu.js", "JavaScript", 0, 0, 0, 0, 118, 0, 0, 0, 0, 5, 7, 130
"c:\xampp\htdocs\sistema-venta\public\vendor\moment\locale\hy-am.js", "JavaScript", 0, 0, 0, 0, 94, 0, 0, 0, 0, 4, 6, 104
"c:\xampp\htdocs\sistema-venta\public\vendor\moment\locale\id.js", "JavaScript", 0, 0, 0, 0, 77, 0, 0, 0, 0, 5, 6, 88
"c:\xampp\htdocs\sistema-venta\public\vendor\moment\locale\is.js", "JavaScript", 0, 0, 0, 0, 140, 0, 0, 0, 0, 4, 7, 151
"c:\xampp\htdocs\sistema-venta\public\vendor\moment\locale\it-ch.js", "JavaScript", 0, 0, 0, 0, 66, 0, 0, 0, 0, 4, 6, 76
"c:\xampp\htdocs\sistema-venta\public\vendor\moment\locale\it.js", "JavaScript", 0, 0, 0, 0, 106, 0, 0, 0, 0, 6, 6, 118
"c:\xampp\htdocs\sistema-venta\public\vendor\moment\locale\ja.js", "JavaScript", 0, 0, 0, 0, 150, 0, 0, 0, 0, 4, 6, 160
"c:\xampp\htdocs\sistema-venta\public\vendor\moment\locale\jv.js", "JavaScript", 0, 0, 0, 0, 77, 0, 0, 0, 0, 5, 6, 88
"c:\xampp\htdocs\sistema-venta\public\vendor\moment\locale\ka.js", "JavaScript", 0, 0, 0, 0, 94, 0, 0, 0, 0, 4, 6, 104
"c:\xampp\htdocs\sistema-venta\public\vendor\moment\locale\kk.js", "JavaScript", 0, 0, 0, 0, 83, 0, 0, 0, 0, 4, 7, 94
"c:\xampp\htdocs\sistema-venta\public\vendor\moment\locale\km.js", "JavaScript", 0, 0, 0, 0, 103, 0, 0, 0, 0, 4, 7, 114
"c:\xampp\htdocs\sistema-venta\public\vendor\moment\locale\kn.js", "JavaScript", 0, 0, 0, 0, 124, 0, 0, 0, 0, 4, 7, 135
"c:\xampp\htdocs\sistema-venta\public\vendor\moment\locale\ko.js", "JavaScript", 0, 0, 0, 0, 76, 0, 0, 0, 0, 5, 6, 87
"c:\xampp\htdocs\sistema-venta\public\vendor\moment\locale\ku.js", "JavaScript", 0, 0, 0, 0, 119, 0, 0, 0, 0, 4, 7, 130
"c:\xampp\htdocs\sistema-venta\public\vendor\moment\locale\ky.js", "JavaScript", 0, 0, 0, 0, 85, 0, 0, 0, 0, 4, 7, 96
"c:\xampp\htdocs\sistema-venta\public\vendor\moment\locale\lb.js", "JavaScript", 0, 0, 0, 0, 122, 0, 0, 0, 0, 18, 7, 147
"c:\xampp\htdocs\sistema-venta\public\vendor\moment\locale\lo.js", "JavaScript", 0, 0, 0, 0, 67, 0, 0, 0, 0, 4, 6, 77
"c:\xampp\htdocs\sistema-venta\public\vendor\moment\locale\lt.js", "JavaScript", 0, 0, 0, 0, 125, 0, 0, 0, 0, 4, 6, 135
"c:\xampp\htdocs\sistema-venta\public\vendor\moment\locale\lv.js", "JavaScript", 0, 0, 0, 0, 87, 0, 0, 0, 0, 11, 7, 105
"c:\xampp\htdocs\sistema-venta\public\vendor\moment\locale\me.js", "JavaScript", 0, 0, 0, 0, 117, 0, 0, 0, 0, 5, 8, 130
"c:\xampp\htdocs\sistema-venta\public\vendor\moment\locale\mi.js", "JavaScript", 0, 0, 0, 0, 61, 0, 0, 0, 0, 4, 6, 71
"c:\xampp\htdocs\sistema-venta\public\vendor\moment\locale\mk.js", "JavaScript", 0, 0, 0, 0, 87, 0, 0, 0, 0, 5, 6, 98
"c:\xampp\htdocs\sistema-venta\public\vendor\moment\locale\ml.js", "JavaScript", 0, 0, 0, 0, 82, 0, 0, 0, 0, 4, 6, 92
"c:\xampp\htdocs\sistema-venta\public\vendor\moment\locale\mn.js", "JavaScript", 0, 0, 0, 0, 100, 0, 0, 0, 0, 4, 7, 111
"c:\xampp\htdocs\sistema-venta\public\vendor\moment\locale\mr.js", "JavaScript", 0, 0, 0, 0, 201, 0, 0, 0, 0, 5, 8, 214
"c:\xampp\htdocs\sistema-venta\public\vendor\moment\locale\ms-my.js", "JavaScript", 0, 0, 0, 0, 77, 0, 0, 0, 0, 5, 6, 88
"c:\xampp\htdocs\sistema-venta\public\vendor\moment\locale\ms.js", "JavaScript", 0, 0, 0, 0, 77, 0, 0, 0, 0, 4, 6, 87
"c:\xampp\htdocs\sistema-venta\public\vendor\moment\locale\mt.js", "JavaScript", 0, 0, 0, 0, 57, 0, 0, 0, 0, 4, 6, 67
"c:\xampp\htdocs\sistema-venta\public\vendor\moment\locale\my.js", "JavaScript", 0, 0, 0, 0, 89, 0, 0, 0, 0, 6, 8, 103
"c:\xampp\htdocs\sistema-venta\public\vendor\moment\locale\nb.js", "JavaScript", 0, 0, 0, 0, 61, 0, 0, 0, 0, 6, 6, 73
"c:\xampp\htdocs\sistema-venta\public\vendor\moment\locale\ne.js", "JavaScript", 0, 0, 0, 0, 121, 0, 0, 0, 0, 4, 7, 132
"c:\xampp\htdocs\sistema-venta\public\vendor\moment\locale\nl-be.js", "JavaScript", 0, 0, 0, 0, 99, 0, 0, 0, 0, 5, 10, 114
"c:\xampp\htdocs\sistema-venta\public\vendor\moment\locale\nl.js", "JavaScript", 0, 0, 0, 0, 101, 0, 0, 0, 0, 5, 10, 116
"c:\xampp\htdocs\sistema-venta\public\vendor\moment\locale\nn.js", "JavaScript", 0, 0, 0, 0, 61, 0, 0, 0, 0, 5, 6, 72
"c:\xampp\htdocs\sistema-venta\public\vendor\moment\locale\oc-lnc.js", "JavaScript", 0, 0, 0, 0, 85, 0, 0, 0, 0, 4, 6, 95
"c:\xampp\htdocs\sistema-venta\public\vendor\moment\locale\pa-in.js", "JavaScript", 0, 0, 0, 0, 119, 0, 0, 0, 0, 7, 7, 133
"c:\xampp\htdocs\sistema-venta\public\vendor\moment\locale\pl.js", "JavaScript", 0, 0, 0, 0, 136, 0, 0, 0, 0, 4, 11, 151
"c:\xampp\htdocs\sistema-venta\public\vendor\moment\locale\pt-br.js", "JavaScript", 0, 0, 0, 0, 59, 0, 0, 0, 0, 4, 6, 69
"c:\xampp\htdocs\sistema-venta\public\vendor\moment\locale\pt.js", "JavaScript", 0, 0, 0, 0, 64, 0, 0, 0, 0, 4, 6, 74
"c:\xampp\htdocs\sistema-venta\public\vendor\moment\locale\ro.js", "JavaScript", 0, 0, 0, 0, 74, 0, 0, 0, 0, 6, 7, 87
"c:\xampp\htdocs\sistema-venta\public\vendor\moment\locale\ru.js", "JavaScript", 0, 0, 0, 0, 193, 0, 0, 0, 0, 14, 11, 218
"c:\xampp\htdocs\sistema-venta\public\vendor\moment\locale\sd.js", "JavaScript", 0, 0, 0, 0, 82, 0, 0, 0, 0, 4, 7, 93
"c:\xampp\htdocs\sistema-venta\public\vendor\moment\locale\se.js", "JavaScript", 0, 0, 0, 0, 59, 0, 0, 0, 0, 4, 6, 69
"c:\xampp\htdocs\sistema-venta\public\vendor\moment\locale\si.js", "JavaScript", 0, 0, 0, 0, 69, 0, 0, 0, 0, 5, 6, 80
"c:\xampp\htdocs\sistema-venta\public\vendor\moment\locale\sk.js", "JavaScript", 0, 0, 0, 0, 144, 0, 0, 0, 0, 5, 7, 156
"c:\xampp\htdocs\sistema-venta\public\vendor\moment\locale\sl.js", "JavaScript", 0, 0, 0, 0, 170, 0, 0, 0, 0, 4, 8, 182
"c:\xampp\htdocs\sistema-venta\public\vendor\moment\locale\sq.js", "JavaScript", 0, 0, 0, 0, 65, 0, 0, 0, 0, 6, 6, 77
"c:\xampp\htdocs\sistema-venta\public\vendor\moment\locale\sr-cyrl.js", "JavaScript", 0, 0, 0, 0, 115, 0, 0, 0, 0, 6, 7, 128
"c:\xampp\htdocs\sistema-venta\public\vendor\moment\locale\sr.js", "JavaScript", 0, 0, 0, 0, 117, 0, 0, 0, 0, 6, 7, 130
"c:\xampp\htdocs\sistema-venta\public\vendor\moment\locale\ss.js", "JavaScript", 0, 0, 0, 0, 85, 0, 0, 0, 0, 4, 6, 95
"c:\xampp\htdocs\sistema-venta\public\vendor\moment\locale\sv.js", "JavaScript", 0, 0, 0, 0, 70, 0, 0, 0, 0, 4, 6, 80
"c:\xampp\htdocs\sistema-venta\public\vendor\moment\locale\sw.js", "JavaScript", 0, 0, 0, 0, 56, 0, 0, 0, 0, 4, 6, 66
"c:\xampp\htdocs\sistema-venta\public\vendor\moment\locale\ta.js", "JavaScript", 0, 0, 0, 0, 129, 0, 0, 0, 0, 5, 7, 141
"c:\xampp\htdocs\sistema-venta\public\vendor\moment\locale\te.js", "JavaScript", 0, 0, 0, 0, 88, 0, 0, 0, 0, 4, 6, 98
"c:\xampp\htdocs\sistema-venta\public\vendor\moment\locale\tet.js", "JavaScript", 0, 0, 0, 0, 68, 0, 0, 0, 0, 6, 6, 80
"c:\xampp\htdocs\sistema-venta\public\vendor\moment\locale\tg.js", "JavaScript", 0, 0, 0, 0, 117, 0, 0, 0, 0, 4, 7, 128
"c:\xampp\htdocs\sistema-venta\public\vendor\moment\locale\th.js", "JavaScript", 0, 0, 0, 0, 66, 0, 0, 0, 0, 4, 6, 76
"c:\xampp\htdocs\sistema-venta\public\vendor\moment\locale\tk.js", "JavaScript", 0, 0, 0, 0, 91, 0, 0, 0, 0, 5, 7, 103
"c:\xampp\htdocs\sistema-venta\public\vendor\moment\locale\tl-ph.js", "JavaScript", 0, 0, 0, 0, 59, 0, 0, 0, 0, 4, 6, 69
"c:\xampp\htdocs\sistema-venta\public\vendor\moment\locale\tlh.js", "JavaScript", 0, 0, 0, 0, 122, 0, 0, 0, 0, 4, 11, 137
"c:\xampp\htdocs\sistema-venta\public\vendor\moment\locale\tr.js", "JavaScript", 0, 0, 0, 0, 105, 0, 0, 0, 0, 6, 7, 118
"c:\xampp\htdocs\sistema-venta\public\vendor\moment\locale\tzl.js", "JavaScript", 0, 0, 0, 0, 87, 0, 0, 0, 0, 7, 7, 101
"c:\xampp\htdocs\sistema-venta\public\vendor\moment\locale\tzm-latn.js", "JavaScript", 0, 0, 0, 0, 55, 0, 0, 0, 0, 4, 6, 65
"c:\xampp\htdocs\sistema-venta\public\vendor\moment\locale\tzm.js", "JavaScript", 0, 0, 0, 0, 55, 0, 0, 0, 0, 4, 6, 65
"c:\xampp\htdocs\sistema-venta\public\vendor\moment\locale\ug-cn.js", "JavaScript", 0, 0, 0, 0, 110, 0, 0, 0, 0, 5, 7, 122
"c:\xampp\htdocs\sistema-venta\public\vendor\moment\locale\uk.js", "JavaScript", 0, 0, 0, 0, 160, 0, 0, 0, 0, 6, 9, 175
"c:\xampp\htdocs\sistema-venta\public\vendor\moment\locale\ur.js", "JavaScript", 0, 0, 0, 0, 82, 0, 0, 0, 0, 5, 7, 94
"c:\xampp\htdocs\sistema-venta\public\vendor\moment\locale\uz-latn.js", "JavaScript", 0, 0, 0, 0, 55, 0, 0, 0, 0, 4, 6, 65
"c:\xampp\htdocs\sistema-venta\public\vendor\moment\locale\uz.js", "JavaScript", 0, 0, 0, 0, 53, 0, 0, 0, 0, 4, 6, 63
"c:\xampp\htdocs\sistema-venta\public\vendor\moment\locale\vi.js", "JavaScript", 0, 0, 0, 0, 80, 0, 0, 0, 0, 5, 6, 91
"c:\xampp\htdocs\sistema-venta\public\vendor\moment\locale\x-pseudo.js", "JavaScript", 0, 0, 0, 0, 73, 0, 0, 0, 0, 4, 6, 83
"c:\xampp\htdocs\sistema-venta\public\vendor\moment\locale\yo.js", "JavaScript", 0, 0, 0, 0, 55, 0, 0, 0, 0, 4, 6, 65
"c:\xampp\htdocs\sistema-venta\public\vendor\moment\locale\zh-cn.js", "JavaScript", 0, 0, 0, 0, 118, 0, 0, 0, 0, 8, 6, 132
"c:\xampp\htdocs\sistema-venta\public\vendor\moment\locale\zh-hk.js", "JavaScript", 0, 0, 0, 0, 100, 0, 0, 0, 0, 7, 6, 113
"c:\xampp\htdocs\sistema-venta\public\vendor\moment\locale\zh-mo.js", "JavaScript", 0, 0, 0, 0, 100, 0, 0, 0, 0, 6, 6, 112
"c:\xampp\htdocs\sistema-venta\public\vendor\moment\locale\zh-tw.js", "JavaScript", 0, 0, 0, 0, 100, 0, 0, 0, 0, 5, 6, 111
"c:\xampp\htdocs\sistema-venta\public\vendor\moment\locales.js", "JavaScript", 0, 0, 0, 0, 11848, 0, 0, 0, 0, 201, 381, 12430
"c:\xampp\htdocs\sistema-venta\public\vendor\moment\locales.min.js", "JavaScript", 0, 0, 0, 0, 1, 0, 0, 0, 0, 1, 0, 2
"c:\xampp\htdocs\sistema-venta\public\vendor\moment\moment-with-locales.js", "JavaScript", 0, 0, 0, 0, 16408, 0, 0, 0, 0, 541, 1135, 18084
"c:\xampp\htdocs\sistema-venta\public\vendor\moment\moment-with-locales.min.js", "JavaScript", 0, 0, 0, 0, 1, 0, 0, 0, 0, 1, 0, 2
"c:\xampp\htdocs\sistema-venta\public\vendor\moment\moment.min.js", "JavaScript", 0, 0, 0, 0, 1, 0, 0, 0, 0, 1, 0, 2
"c:\xampp\htdocs\sistema-venta\public\vendor\overlayScrollbars\css\OverlayScrollbars.css", "CSS", 0, 0, 0, 605, 0, 0, 0, 0, 0, 24, 7, 636
"c:\xampp\htdocs\sistema-venta\public\vendor\overlayScrollbars\css\OverlayScrollbars.min.css", "CSS", 0, 0, 0, 1, 0, 0, 0, 0, 0, 12, 0, 13
"c:\xampp\htdocs\sistema-venta\public\vendor\overlayScrollbars\js\OverlayScrollbars.js", "JavaScript", 0, 0, 0, 0, 4858, 0, 0, 0, 0, 1125, 678, 6661
"c:\xampp\htdocs\sistema-venta\public\vendor\overlayScrollbars\js\OverlayScrollbars.min.js", "JavaScript", 0, 0, 0, 0, 1, 0, 0, 0, 0, 12, 0, 13
"c:\xampp\htdocs\sistema-venta\public\vendor\overlayScrollbars\js\jquery.overlayScrollbars.js", "JavaScript", 0, 0, 0, 0, 3967, 0, 0, 0, 0, 1067, 544, 5578
"c:\xampp\htdocs\sistema-venta\public\vendor\overlayScrollbars\js\jquery.overlayScrollbars.min.js", "JavaScript", 0, 0, 0, 0, 1, 0, 0, 0, 0, 12, 0, 13
"c:\xampp\htdocs\sistema-venta\public\vendor\popper\esm\popper-utils.js", "JavaScript", 0, 0, 0, 0, 616, 0, 0, 0, 0, 360, 138, 1114
"c:\xampp\htdocs\sistema-venta\public\vendor\popper\esm\popper-utils.min.js", "JavaScript", 0, 0, 0, 0, 1, 0, 0, 0, 0, 4, 1, 6
"c:\xampp\htdocs\sistema-venta\public\vendor\popper\esm\popper.js", "JavaScript", 0, 0, 0, 0, 1241, 0, 0, 0, 0, 1051, 325, 2617
"c:\xampp\htdocs\sistema-venta\public\vendor\popper\esm\popper.min.js", "JavaScript", 0, 0, 0, 0, 1, 0, 0, 0, 0, 4, 1, 6
"c:\xampp\htdocs\sistema-venta\public\vendor\popper\popper-utils.js", "JavaScript", 0, 0, 0, 0, 579, 0, 0, 0, 0, 360, 124, 1063
"c:\xampp\htdocs\sistema-venta\public\vendor\popper\popper-utils.min.js", "JavaScript", 0, 0, 0, 0, 1, 0, 0, 0, 0, 4, 1, 6
"c:\xampp\htdocs\sistema-venta\public\vendor\popper\popper.js", "JavaScript", 0, 0, 0, 0, 1125, 0, 0, 0, 0, 1051, 287, 2463
"c:\xampp\htdocs\sistema-venta\public\vendor\popper\popper.min.js", "JavaScript", 0, 0, 0, 0, 1, 0, 0, 0, 0, 4, 1, 6
"c:\xampp\htdocs\sistema-venta\public\vendor\popper\umd\popper-utils.js", "JavaScript", 0, 0, 0, 0, 651, 0, 0, 0, 0, 360, 141, 1152
"c:\xampp\htdocs\sistema-venta\public\vendor\popper\umd\popper-utils.min.js", "JavaScript", 0, 0, 0, 0, 1, 0, 0, 0, 0, 4, 1, 6
"c:\xampp\htdocs\sistema-venta\public\vendor\popper\umd\popper.js", "JavaScript", 0, 0, 0, 0, 1247, 0, 0, 0, 0, 1051, 327, 2625
"c:\xampp\htdocs\sistema-venta\public\vendor\popper\umd\popper.min.js", "JavaScript", 0, 0, 0, 0, 1, 0, 0, 0, 0, 4, 1, 6
"c:\xampp\htdocs\sistema-venta\public\vendor\tempusdominus-bootstrap-4\css\tempusdominus-bootstrap-4.css", "CSS", 0, 0, 0, 320, 0, 0, 0, 0, 0, 5, 8, 333
"c:\xampp\htdocs\sistema-venta\public\vendor\tempusdominus-bootstrap-4\css\tempusdominus-bootstrap-4.min.css", "CSS", 0, 0, 0, 1, 0, 0, 0, 0, 0, 4, 0, 5
"c:\xampp\htdocs\sistema-venta\public\vendor\tempusdominus-bootstrap-4\js\tempusdominus-bootstrap-4.js", "JavaScript", 0, 0, 0, 0, 2699, 0, 0, 0, 0, 49, 758, 3506
"c:\xampp\htdocs\sistema-venta\public\vendor\tempusdominus-bootstrap-4\js\tempusdominus-bootstrap-4.min.js", "JavaScript", 0, 0, 0, 0, 1, 0, 0, 0, 0, 5, 0, 6
"c:\xampp\htdocs\sistema-venta\resources\css\app.css", "CSS", 0, 0, 0, 0, 0, 0, 0, 0, 0, 0, 1, 1
"c:\xampp\htdocs\sistema-venta\resources\js\app.js", "JavaScript", 0, 0, 0, 0, 1, 0, 0, 0, 0, 0, 1, 2
"c:\xampp\htdocs\sistema-venta\resources\js\bootstrap.js", "JavaScript", 0, 0, 0, 0, 4, 0, 0, 0, 0, 23, 8, 35
"c:\xampp\htdocs\sistema-venta\resources\sass\_variables.scss", "SCSS", 0, 0, 0, 0, 0, 0, 0, 0, 4, 2, 2, 8
"c:\xampp\htdocs\sistema-venta\resources\sass\app.scss", "SCSS", 0, 0, 0, 0, 0, 0, 0, 0, 3, 3, 3, 9
"c:\xampp\htdocs\sistema-venta\resources\views\auth\login.blade.php", "PHP", 1, 0, 0, 0, 0, 0, 0, 0, 0, 0, 0, 1
"c:\xampp\htdocs\sistema-venta\resources\views\auth\passwords\confirm.blade.php", "PHP", 1, 0, 0, 0, 0, 0, 0, 0, 0, 0, 0, 1
"c:\xampp\htdocs\sistema-venta\resources\views\auth\passwords\email.blade.php", "PHP", 1, 0, 0, 0, 0, 0, 0, 0, 0, 0, 0, 1
"c:\xampp\htdocs\sistema-venta\resources\views\auth\passwords\reset.blade.php", "PHP", 1, 0, 0, 0, 0, 0, 0, 0, 0, 0, 0, 1
"c:\xampp\htdocs\sistema-venta\resources\views\auth\register.blade.php", "PHP", 1, 0, 0, 0, 0, 0, 0, 0, 0, 0, 0, 1
"c:\xampp\htdocs\sistema-venta\resources\views\auth\verify.blade.php", "PHP", 1, 0, 0, 0, 0, 0, 0, 0, 0, 0, 0, 1
"c:\xampp\htdocs\sistema-venta\resources\views\cliente\create.blade.php", "PHP", 106, 0, 0, 0, 0, 0, 0, 0, 0, 0, 9, 115
"c:\xampp\htdocs\sistema-venta\resources\views\cliente\edit.blade.php", "PHP", 107, 0, 0, 0, 0, 0, 0, 0, 0, 0, 6, 113
"c:\xampp\htdocs\sistema-venta\resources\views\cliente\index.blade.php", "PHP", 66, 0, 0, 0, 0, 0, 0, 0, 0, 0, 11, 77
"c:\xampp\htdocs\sistema-venta\resources\views\cliente\show.blade.php", "PHP", 103, 0, 0, 0, 0, 0, 0, 0, 0, 0, 10, 113
"c:\xampp\htdocs\sistema-venta\resources\views\empleado\create.blade.php", "PHP", 46, 0, 0, 0, 0, 0, 0, 0, 0, 0, 6, 52
"c:\xampp\htdocs\sistema-venta\resources\views\empleado\edit.blade.php", "PHP", 38, 0, 0, 0, 0, 0, 0, 0, 0, 0, 2, 40
"c:\xampp\htdocs\sistema-venta\resources\views\empleado\index.blade.php", "PHP", 75, 0, 0, 0, 0, 0, 0, 0, 0, 0, 7, 82
"c:\xampp\htdocs\sistema-venta\resources\views\home.blade.php", "PHP", 29, 0, 0, 0, 0, 0, 0, 0, 0, 0, 7, 36
"c:\xampp\htdocs\sistema-venta\resources\views\layouts\app.blade.php", "PHP", 69, 0, 0, 0, 0, 0, 0, 0, 0, 0, 12, 81
"c:\xampp\htdocs\sistema-venta\resources\views\producto\create.blade.php", "PHP", 71, 0, 0, 0, 0, 0, 0, 0, 0, 0, 5, 76
"c:\xampp\htdocs\sistema-venta\resources\views\producto\edit.blade.php", "PHP", 53, 0, 0, 0, 0, 0, 0, 0, 0, 0, 6, 59
"c:\xampp\htdocs\sistema-venta\resources\views\producto\index.blade.php", "PHP", 81, 0, 0, 0, 0, 0, 0, 0, 0, 0, 8, 89
"c:\xampp\htdocs\sistema-venta\routes\api.php", "PHP", 6, 0, 0, 0, 0, 0, 0, 0, 0, 10, 4, 20
"c:\xampp\htdocs\sistema-venta\routes\channels.php", "PHP", 5, 0, 0, 0, 0, 0, 0, 0, 0, 10, 4, 19
"c:\xampp\htdocs\sistema-venta\routes\console.php", "PHP", 6, 0, 0, 0, 0, 0, 0, 0, 0, 10, 4, 20
"c:\xampp\htdocs\sistema-venta\routes\web.php", "PHP", 13, 0, 0, 0, 0, 0, 0, 0, 0, 1, 9, 23
"c:\xampp\htdocs\sistema-venta\tests\CreatesApplication.php", "PHP", 13, 0, 0, 0, 0, 0, 0, 0, 0, 3, 6, 22
"c:\xampp\htdocs\sistema-venta\tests\Feature\ExampleTest.php", "PHP", 11, 0, 0, 0, 0, 0, 0, 0, 0, 4, 5, 20
"c:\xampp\htdocs\sistema-venta\tests\TestCase.php", "PHP", 7, 0, 0, 0, 0, 0, 0, 0, 0, 0, 4, 11
"c:\xampp\htdocs\sistema-venta\tests\Unit\ExampleTest.php", "PHP", 10, 0, 0, 0, 0, 0, 0, 0, 0, 3, 4, 17
"c:\xampp\htdocs\sistema-venta\vendor\almasaeed2010\adminlte\plugins\flot\plugins\jquery.flot.axislabels.js", "JavaScript", 0, 0, 0, 0, 153, 0, 0, 0, 0, 32, 28, 213
"c:\xampp\htdocs\sistema-venta\vendor\almasaeed2010\adminlte\plugins\flot\plugins\jquery.flot.browser.js", "JavaScript", 0, 0, 0, 0, 46, 0, 0, 0, 0, 40, 13, 99
"c:\xampp\htdocs\sistema-venta\vendor\almasaeed2010\adminlte\plugins\flot\plugins\jquery.flot.categories.js", "JavaScript", 0, 0, 0, 0, 121, 0, 0, 0, 0, 51, 31, 203
"c:\xampp\htdocs\sistema-venta\vendor\almasaeed2010\adminlte\plugins\flot\plugins\jquery.flot.composeImages.js", "JavaScript", 0, 0, 0, 0, 238, 0, 0, 0, 0, 45, 48, 331
"c:\xampp\htdocs\sistema-venta\vendor\almasaeed2010\adminlte\plugins\flot\plugins\jquery.flot.crosshair.js", "JavaScript", 0, 0, 0, 0, 118, 0, 0, 0, 0, 60, 25, 203
"c:\xampp\htdocs\sistema-venta\vendor\almasaeed2010\adminlte\plugins\flot\plugins\jquery.flot.drawSeries.js", "JavaScript", 0, 0, 0, 0, 472, 0, 0, 0, 0, 89, 102, 663
"c:\xampp\htdocs\sistema-venta\vendor\almasaeed2010\adminlte\plugins\flot\plugins\jquery.flot.errorbars.js", "JavaScript", 0, 0, 0, 0, 245, 0, 0, 0, 0, 92, 39, 376
"c:\xampp\htdocs\sistema-venta\vendor\almasaeed2010\adminlte\plugins\flot\plugins\jquery.flot.fillbetween.js", "JavaScript", 0, 0, 0, 0, 171, 0, 0, 0, 0, 43, 41, 255
"c:\xampp\htdocs\sistema-venta\vendor\almasaeed2010\adminlte\plugins\flot\plugins\jquery.flot.flatdata.js", "JavaScript", 0, 0, 0, 0, 26, 0, 0, 0, 0, 17, 5, 48
"c:\xampp\htdocs\sistema-venta\vendor\almasaeed2010\adminlte\plugins\flot\plugins\jquery.flot.hover.js", "JavaScript", 0, 0, 0, 0, 266, 0, 0, 0, 0, 34, 60, 360
"c:\xampp\htdocs\sistema-venta\vendor\almasaeed2010\adminlte\plugins\flot\plugins\jquery.flot.image.js", "JavaScript", 0, 0, 0, 0, 156, 0, 0, 0, 0, 61, 33, 250
"c:\xampp\htdocs\sistema-venta\vendor\almasaeed2010\adminlte\plugins\flot\plugins\jquery.flot.legend.js", "JavaScript", 0, 0, 0, 0, 370, 0, 0, 0, 0, 28, 40, 438
"c:\xampp\htdocs\sistema-venta\vendor\almasaeed2010\adminlte\plugins\flot\plugins\jquery.flot.logaxis.js", "JavaScript", 0, 0, 0, 0, 210, 0, 0, 0, 0, 48, 41, 299
"c:\xampp\htdocs\sistema-venta\vendor\almasaeed2010\adminlte\plugins\flot\plugins\jquery.flot.navigate.js", "JavaScript", 0, 0, 0, 0, 595, 0, 0, 0, 0, 120, 120, 835
"c:\xampp\htdocs\sistema-venta\vendor\almasaeed2010\adminlte\plugins\flot\plugins\jquery.flot.pie.js", "JavaScript", 0, 0, 0, 0, 539, 0, 0, 0, 0, 128, 128, 795
"c:\xampp\htdocs\sistema-venta\vendor\almasaeed2010\adminlte\plugins\flot\plugins\jquery.flot.resize.js", "JavaScript", 0, 0, 0, 0, 27, 0, 0, 0, 0, 24, 10, 61
"c:\xampp\htdocs\sistema-venta\vendor\almasaeed2010\adminlte\plugins\flot\plugins\jquery.flot.saturated.js", "JavaScript", 0, 0, 0, 0, 35, 0, 0, 0, 0, 3, 6, 44
"c:\xampp\htdocs\sistema-venta\vendor\almasaeed2010\adminlte\plugins\flot\plugins\jquery.flot.selection.js", "JavaScript", 0, 0, 0, 0, 341, 0, 0, 0, 0, 110, 77, 528
"c:\xampp\htdocs\sistema-venta\vendor\almasaeed2010\adminlte\plugins\flot\plugins\jquery.flot.stack.js", "JavaScript", 0, 0, 0, 0, 141, 0, 0, 0, 0, 47, 33, 221
"c:\xampp\htdocs\sistema-venta\vendor\almasaeed2010\adminlte\plugins\flot\plugins\jquery.flot.symbol.js", "JavaScript", 0, 0, 0, 0, 72, 0, 0, 0, 0, 21, 6, 99
"c:\xampp\htdocs\sistema-venta\vendor\almasaeed2010\adminlte\plugins\flot\plugins\jquery.flot.threshold.js", "JavaScript", 0, 0, 0, 0, 80, 0, 0, 0, 0, 45, 19, 144
"c:\xampp\htdocs\sistema-venta\vendor\almasaeed2010\adminlte\plugins\flot\plugins\jquery.flot.time.js", "JavaScript", 0, 0, 0, 0, 458, 0, 0, 0, 0, 49, 81, 588
"c:\xampp\htdocs\sistema-venta\vendor\almasaeed2010\adminlte\plugins\flot\plugins\jquery.flot.touch.js", "JavaScript", 0, 0, 0, 0, 273, 0, 0, 0, 0, 1, 47, 321
"c:\xampp\htdocs\sistema-venta\vendor\almasaeed2010\adminlte\plugins\flot\plugins\jquery.flot.touchNavigate.js", "JavaScript", 0, 0, 0, 0, 305, 0, 0, 0, 0, 5, 51, 361
"c:\xampp\htdocs\sistema-venta\vendor\almasaeed2010\adminlte\plugins\flot\plugins\jquery.flot.uiConstants.js", "JavaScript", 0, 0, 0, 0, 10, 0, 0, 0, 0, 0, 1, 11
"c:\xampp\htdocs\sistema-venta\vendor\spatie\ignition\resources\compiled\ignition.css", "CSS", 0, 0, 0, 1, 0, 0, 0, 0, 0, 2, 0, 3
"c:\xampp\htdocs\sistema-venta\vendor\spatie\ignition\resources\compiled\ignition.js", "JavaScript", 0, 0, 0, 0, 6, 0, 0, 0, 0, 0, 1, 7
"c:\xampp\htdocs\sistema-venta\vite.config.js", "JavaScript", 0, 0, 0, 0, 13, 0, 0, 0, 0, 0, 2, 15
"Total", "-", 3717, 9581, 17, 54291, 163140, 57, 15, 9353, 7, 37782, 46028, 323988